NumberOfObs;Average;StandardDeviation;Variance;95CIHalfWidth
94503046;0.5214479030001365;0.24794921325538472;0.06147881235396424;4.999055123487907E-5
94547894;0.5214196945641243;0.24792564079356347;0.06146712336289906;4.9973942069044374E-5
94492903;0.521392308693264;0.24792874051641828;0.06146866037405746;4.998910633549228E-5
94528930;0.5213510836635499;0.2479379210070168;0.06147321267328171;4.998143014929722E-5
94521202;0.5214551744082973;0.24791287775261717;0.0614607949555841;4.997842469614526E-5
