NumberOfObs;Average;StandardDeviation;Variance;95CIHalfWidth
94465154;0.5213803469379442;0.24792839748967715;0.06146849028179935;4.99963787360259E-5
94506301;0.5213734887518515;0.24794776846778896;0.06147809588815628;4.998939904907418E-5
94659636;0.5213991957484752;0.24793416309106178;0.06147134922766523;4.9946154027126685E-5
94545081;0.5213643694286111;0.24793989138228809;0.06147418973866081;4.997755801014062E-5
94590784;0.5213349492978329;0.2479220058054048;0.061465320962575176;4.996187848906877E-5
